{"cameraMode":{"drawMode":0,"name":"Shaded","section":"Shading Mode"},"sceneLighting":false,"audioPlay":false,"sceneViewState":{"showFog":false,"showMaterialUpdate":false,"showSkybox":false,"showFlares":false,"showImageEffects":false,"showParticleSystems":false},"in2DMode":false,"pivot":{"x":0.23529383540153504,"y":4.545477390289307,"z":0.0113372802734375},"rotation":{"x":0.04796416312456131,"y":0.02756664901971817,"z":-0.0013235986698418856,"w":0.9984732270240784},"size":4.0578837394714359,"orthographic":false}