{"cameraMode":{"drawMode":0,"name":"Shaded","section":"Shading Mode"},"sceneLighting":false,"audioPlay":false,"sceneViewState":{"showFog":false,"showMaterialUpdate":false,"showSkybox":false,"showFlares":false,"showImageEffects":false,"showParticleSystems":false},"in2DMode":false,"pivot":{"x":-4.167995929718018,"y":7.541132926940918,"z":-1.3200626373291016},"rotation":{"x":0.4013890326023102,"y":-0.2971786856651306,"z":0.13952185213565827,"w":0.8550589084625244},"size":42.894256591796878,"orthographic":false}