{"cameraMode":{"drawMode":0,"name":"Shaded","section":"Shading Mode"},"sceneLighting":false,"audioPlay":false,"sceneViewState":{"showFog":false,"showMaterialUpdate":false,"showSkybox":false,"showFlares":false,"showImageEffects":false,"showParticleSystems":false},"in2DMode":false,"pivot":{"x":-11.855050086975098,"y":28.10449981689453,"z":-4.122124671936035},"rotation":{"x":0.13530389964580537,"y":-0.14006343483924867,"z":0.01939220540225506,"w":0.980747401714325},"size":88.0861587524414,"orthographic":false}