{"cameraMode":{"drawMode":0,"name":"Shaded","section":"Shading Mode"},"sceneLighting":true,"audioPlay":false,"sceneViewState":{"showFog":false,"showMaterialUpdate":false,"showSkybox":false,"showFlares":false,"showImageEffects":false,"showParticleSystems":false},"in2DMode":false,"pivot":{"x":-0.15048718452453614,"y":40.863067626953128,"z":0.33950304985046389},"rotation":{"x":0.06191515177488327,"y":0.27774015069007876,"z":-0.017922665923833848,"w":0.9585290551185608},"size":4.807703971862793,"orthographic":false}