{"cameraMode":{"drawMode":0,"name":"Shaded","section":"Shading Mode"},"sceneLighting":true,"audioPlay":false,"sceneViewState":{"showFog":false,"showMaterialUpdate":false,"showSkybox":false,"showFlares":false,"showImageEffects":false,"showParticleSystems":false},"in2DMode":false,"pivot":{"x":1.0857672691345215,"y":-0.5346453189849854,"z":1.849501609802246},"rotation":{"x":-0.0024362627882510425,"y":-0.9970972537994385,"z":0.06740620732307434,"w":-0.03591197356581688},"size":8.361581802368164,"orthographic":false}