{"cameraMode":{"drawMode":0,"name":"Shaded","section":"Shading Mode"},"sceneLighting":false,"audioPlay":false,"sceneViewState":{"showFog":false,"showMaterialUpdate":false,"showSkybox":false,"showFlares":false,"showImageEffects":false,"showParticleSystems":false},"in2DMode":false,"pivot":{"x":-1.1981935501098633,"y":6.7386369705200199,"z":-2.4568824768066408},"rotation":{"x":0.04577457159757614,"y":0.174134761095047,"z":-0.008089553564786911,"w":0.9836471080780029},"size":38.77143096923828,"orthographic":false}