{"cameraMode":{"drawMode":0,"name":"Shaded","section":"Shading Mode"},"sceneLighting":false,"audioPlay":false,"sceneViewState":{"showFog":false,"showMaterialUpdate":false,"showSkybox":false,"showFlares":false,"showImageEffects":false,"showParticleSystems":false},"in2DMode":false,"pivot":{"x":-1.4678268432617188,"y":-12.884662628173829,"z":-18.078449249267579},"rotation":{"x":0.06419767439365387,"y":0.089409738779068,"z":-0.005768977105617523,"w":0.9939305186271668},"size":50.412925720214847,"orthographic":false}