{"cameraMode":{"drawMode":0,"name":"Shaded","section":"Shading Mode"},"sceneLighting":true,"audioPlay":false,"sceneViewState":{"showFog":false,"showMaterialUpdate":false,"showSkybox":false,"showFlares":false,"showImageEffects":false,"showParticleSystems":false},"in2DMode":false,"pivot":{"x":1.0044000148773194,"y":29.66699981689453,"z":1.0},"rotation":{"x":0.20029547810554505,"y":0.3125916123390198,"z":-0.06761277467012406,"w":0.9261004328727722},"size":5.7157673835754398,"orthographic":false}