{"cameraMode":{"drawMode":0,"name":"Shaded","section":"Shading Mode"},"sceneLighting":true,"audioPlay":false,"sceneViewState":{"showFog":false,"showMaterialUpdate":false,"showSkybox":false,"showFlares":false,"showImageEffects":false,"showParticleSystems":false},"in2DMode":false,"pivot":{"x":7.454103469848633,"y":-2.616269588470459,"z":-0.7833917140960693},"rotation":{"x":0.06641862541437149,"y":-0.7458524703979492,"z":0.07520277798175812,"w":0.6585617065429688},"size":13.111466407775879,"orthographic":false}