{"cameraMode":{"drawMode":0,"name":"Shaded","section":"Shading Mode"},"sceneLighting":false,"audioPlay":false,"sceneViewState":{"showFog":false,"showMaterialUpdate":false,"showSkybox":false,"showFlares":false,"showImageEffects":false,"showParticleSystems":false},"in2DMode":false,"pivot":{"x":-4.076245307922363,"y":5.903861999511719,"z":-1.0054540634155274},"rotation":{"x":0.4013890326023102,"y":-0.2971786856651306,"z":0.13952185213565827,"w":0.8550589084625244},"size":40.010372161865237,"orthographic":false}