{"cameraMode":{"drawMode":0,"name":"Shaded","section":"Shading Mode"},"sceneLighting":false,"audioPlay":false,"sceneViewState":{"showFog":false,"showMaterialUpdate":false,"showSkybox":false,"showFlares":false,"showImageEffects":false,"showParticleSystems":false},"in2DMode":false,"pivot":{"x":-0.021406710147857667,"y":0.07467278838157654,"z":-0.02866387367248535},"rotation":{"x":-0.03100529871881008,"y":0.5897278785705566,"z":-0.022637436166405679,"w":-0.8067508935928345},"size":4.761137008666992,"orthographic":false}