{"cameraMode":{"drawMode":0,"name":"Shaded","section":"Shading Mode"},"sceneLighting":true,"audioPlay":false,"sceneViewState":{"showFog":false,"showMaterialUpdate":false,"showSkybox":false,"showFlares":false,"showImageEffects":false,"showParticleSystems":false},"in2DMode":false,"pivot":{"x":-0.01503896713256836,"y":23.2387752532959,"z":0.015038728713989258},"rotation":{"x":0.00028803403256461024,"y":0.9988409876823425,"z":-0.00599304074421525,"w":0.047981735318899158},"size":4.182083606719971,"orthographic":true}