{"cameraMode":{"drawMode":0,"name":"Shaded","section":"Shading Mode"},"sceneLighting":false,"audioPlay":false,"sceneViewState":{"showFog":false,"showMaterialUpdate":false,"showSkybox":false,"showFlares":false,"showImageEffects":false,"showParticleSystems":false},"in2DMode":false,"pivot":{"x":1.736613392829895,"y":-5.327266216278076,"z":-7.055498123168945},"rotation":{"x":-0.2309376299381256,"y":-0.053393907845020297,"z":0.01269700936973095,"w":-0.9714265465736389},"size":14.279764175415039,"orthographic":false}