{"cameraMode":{"drawMode":0,"name":"Shaded","section":"Shading Mode"},"sceneLighting":false,"audioPlay":false,"sceneViewState":{"showFog":false,"showMaterialUpdate":false,"showSkybox":false,"showFlares":false,"showImageEffects":false,"showParticleSystems":false},"in2DMode":false,"pivot":{"x":-1.7417625188827515,"y":3.8752293586730959,"z":3.1346001625061037},"rotation":{"x":0.0215782281011343,"y":-0.04732514172792435,"z":0.0010545880068093539,"w":0.9987084865570068},"size":9.610393524169922,"orthographic":false}