{"cameraMode":{"drawMode":0,"name":"Shaded","section":"Shading Mode"},"sceneLighting":false,"audioPlay":false,"sceneViewState":{"showFog":false,"showMaterialUpdate":false,"showSkybox":false,"showFlares":false,"showImageEffects":false,"showParticleSystems":false},"in2DMode":false,"pivot":{"x":248.73443603515626,"y":34.73999786376953,"z":277.864990234375},"rotation":{"x":0.032649025321006778,"y":0.5462749004364014,"z":-0.021313710138201715,"w":0.836714506149292},"size":42.892330169677737,"orthographic":false}