{"cameraMode":{"drawMode":0,"name":"Shaded","section":"Shading Mode"},"sceneLighting":false,"audioPlay":false,"sceneViewState":{"showFog":false,"showMaterialUpdate":false,"showSkybox":false,"showFlares":false,"showImageEffects":false,"showParticleSystems":false},"in2DMode":false,"pivot":{"x":-11.052963256835938,"y":21.85421371459961,"z":-3.375983238220215},"rotation":{"x":-0.027582457289099695,"y":-0.6421282291412354,"z":0.023124124854803087,"w":-0.7657789587974548},"size":106.53772735595703,"orthographic":false}