{"cameraMode":{"drawMode":0,"name":"Shaded","section":"Shading Mode"},"sceneLighting":false,"audioPlay":false,"sceneViewState":{"showFog":false,"showMaterialUpdate":false,"showSkybox":false,"showFlares":false,"showImageEffects":false,"showParticleSystems":false},"in2DMode":false,"pivot":{"x":-10.149843215942383,"y":-3.5767316818237306,"z":-1.0619502067565919},"rotation":{"x":0.1003250852227211,"y":-0.757844090461731,"z":0.11980531364679337,"w":0.6335275769233704},"size":27.016902923583986,"orthographic":false}