{"cameraMode":{"drawMode":0,"name":"Shaded","section":"Shading Mode"},"sceneLighting":false,"audioPlay":false,"sceneViewState":{"showFog":false,"showMaterialUpdate":false,"showSkybox":false,"showFlares":false,"showImageEffects":false,"showParticleSystems":false},"in2DMode":false,"pivot":{"x":-4.768642425537109,"y":11.622102737426758,"z":1.145646572113037},"rotation":{"x":-0.03958261385560036,"y":0.5056504607200623,"z":-0.023206016048789026,"w":-0.861575722694397},"size":6.260970115661621,"orthographic":false}