{"cameraMode":{"drawMode":0,"name":"Shaded","section":"Shading Mode"},"sceneLighting":false,"audioPlay":false,"sceneViewState":{"showFog":false,"showMaterialUpdate":false,"showSkybox":false,"showFlares":false,"showImageEffects":false,"showParticleSystems":false},"in2DMode":false,"pivot":{"x":4.651764869689941,"y":0.838301420211792,"z":8.633079528808594},"rotation":{"x":-0.04622131586074829,"y":0.10590134561061859,"z":0.0049424865283071999,"w":0.993313193321228},"size":41.932945251464847,"orthographic":false}