{"cameraMode":{"drawMode":0,"name":"Shaded","section":"Shading Mode"},"sceneLighting":false,"audioPlay":false,"sceneViewState":{"showFog":false,"showMaterialUpdate":false,"showSkybox":false,"showFlares":false,"showImageEffects":false,"showParticleSystems":false},"in2DMode":false,"pivot":{"x":338.277587890625,"y":34.46861267089844,"z":217.32000732421876},"rotation":{"x":0.0015982373151928187,"y":-0.8451301455497742,"z":0.5345747470855713,"w":0.0025443790946155788},"size":22.0,"orthographic":false}