{"cameraMode":{"drawMode":0,"name":"Shaded","section":"Shading Mode"},"sceneLighting":false,"audioPlay":false,"sceneViewState":{"showFog":false,"showMaterialUpdate":false,"showSkybox":false,"showFlares":false,"showImageEffects":false,"showParticleSystems":false},"in2DMode":false,"pivot":{"x":-2.3716514110565187,"y":-0.2761651277542114,"z":-3.718909502029419},"rotation":{"x":0.05201068893074989,"y":0.2669241428375244,"z":-0.014427300542593003,"w":0.9622120261192322},"size":0.4996090531349182,"orthographic":false}