{"cameraMode":{"drawMode":0,"name":"Shaded","section":"Shading Mode"},"sceneLighting":false,"audioPlay":false,"sceneViewState":{"showFog":false,"showMaterialUpdate":false,"showSkybox":false,"showFlares":false,"showImageEffects":false,"showParticleSystems":false},"in2DMode":false,"pivot":{"x":-2.5725364685058595,"y":9.93299674987793,"z":-3.6180267333984377},"rotation":{"x":-0.04622131586074829,"y":0.10590134561061859,"z":0.0049424865283071999,"w":0.993313193321228},"size":138.82501220703126,"orthographic":false}