{"cameraMode":{"drawMode":0,"name":"Shaded","section":"Shading Mode"},"sceneLighting":false,"audioPlay":false,"sceneViewState":{"showFog":false,"showMaterialUpdate":false,"showSkybox":false,"showFlares":false,"showImageEffects":false,"showParticleSystems":false},"in2DMode":false,"pivot":{"x":-13.006444931030274,"y":33.910221099853519,"z":-5.02726936340332},"rotation":{"x":0.13530389964580537,"y":-0.14006343483924867,"z":0.01939220540225506,"w":0.980747401714325},"size":71.04425048828125,"orthographic":false}