{"cameraMode":{"drawMode":0,"name":"Shaded","section":"Shading Mode"},"sceneLighting":false,"audioPlay":false,"sceneViewState":{"showFog":false,"showMaterialUpdate":false,"showSkybox":false,"showFlares":false,"showImageEffects":false,"showParticleSystems":false},"in2DMode":false,"pivot":{"x":203.91000366210938,"y":0.00035434961318969727,"z":157.0},"rotation":{"x":0.22415757179260255,"y":0.48658719658851626,"z":-0.1307498663663864,"w":0.8342390060424805},"size":233.3510284423828,"orthographic":false}