{"cameraMode":{"drawMode":0,"name":"Shaded","section":"Shading Mode"},"sceneLighting":false,"audioPlay":false,"sceneViewState":{"showFog":false,"showMaterialUpdate":false,"showSkybox":false,"showFlares":false,"showImageEffects":false,"showParticleSystems":false},"in2DMode":false,"pivot":{"x":-2.095703125,"y":-0.63543701171875,"z":-0.0782470703125},"rotation":{"x":-0.01038940530270338,"y":-0.7213172316551209,"z":0.010819412767887116,"w":-0.6924592852592468},"size":6.612847328186035,"orthographic":true}