{"cameraMode":{"drawMode":0,"name":"Shaded","section":"Shading Mode"},"sceneLighting":false,"audioPlay":false,"sceneViewState":{"showFog":false,"showMaterialUpdate":false,"showSkybox":false,"showFlares":false,"showImageEffects":false,"showParticleSystems":false},"in2DMode":false,"pivot":{"x":-11.052963256835938,"y":21.85421371459961,"z":-3.375983238220215},"rotation":{"x":0.13530389964580537,"y":-0.14006343483924867,"z":0.01939220540225506,"w":0.980747401714325},"size":106.53772735595703,"orthographic":false}